feature,nonlucid_mean,lucid_mean,nonlucid_prevalence,lucid_prevalence,standardized_mean_difference
character_count,1698.8798778296803,2065.134981917701,1.0,1.0,0.30405830320820254
word_count,333.96295364714337,409.14035773629166,1.0,1.0,0.31863356138656745
sentence_count,21.490334171757098,28.591828755742352,0.9975925260510241,0.9962857980647053,0.3970459799225664
newline_count,0.0,0.0,0.0,0.0,0.0
mean_word_length,3.941726549828214,3.8964382327945937,1.0,1.0,-0.20814378902521097
uppercase_ratio,0.031915813299735196,0.03359488400365848,0.9946460653970536,0.9955038608151696,0.09041314897128488
digit_ratio,0.0033974667218739448,0.0028420183585052684,0.6430470715055695,0.6886912325285895,-0.1136959069354468
url_count,0.0,0.0,0.0,0.0,0.0
html_tag_count,1.858893280632411,1.724464861694849,0.5383399209486166,0.5037630730133906,-0.038633250664456054
quote_marker_count,0.0011498383039885017,0.0001954843123839312,0.0011498383039885017,0.0001954843123839312,-0.036815521195149664
quoted_line_count,0.0011498383039885017,0.0001954843123839312,0.0011498383039885017,0.0001954843123839312,-0.036815521195149664
signature_marker_count,0.0003952569169960474,0.000488710780959828,0.0003952569169960474,0.000488710780959828,0.004446221892036941
exclamation_count,0.6238232123607618,1.4672075065975956,0.26410348544735895,0.45098230866972927,0.37507449518707414
question_count,0.6039885016169602,0.8638451764245919,0.29881422924901185,0.37796891799433097,0.17239024795140195
comma_count,12.92608695652174,15.429381292151305,0.9462091268415379,0.9450689082201154,0.18743560627965253
period_count,21.485986345670142,28.20594272309647,0.9971254042400287,0.9959925715961294,0.3736085161933272
semicolon_count,0.18041681638519583,0.17622910761411398,0.10517427236794825,0.10790734043593002,-0.005888322890901429
colon_count,1.0941430111390587,1.0077216303391652,0.382500898311175,0.4105170560062555,-0.03785039371609878
parenthesis_count,2.9613726194753864,2.914671097644414,0.5486884656845131,0.5631903039781058,-0.010301109255246549
bracket_count,0.16776859504132233,0.1554100283452253,0.0404599353215954,0.03870589385201838,-0.010291605577715865
asterisk_count,0.1729787998562702,0.15521454403284138,0.05159899389148401,0.05346495943700518,-0.017326347410474487
underscore_count,0.03905856988860942,0.02775877235851823,0.022098454904779016,0.018375525364089533,-0.03736418068710259
bullet_line_count,0.004132231404958678,0.003127748998142899,0.004132231404958678,0.003127748998142899,-0.01670299802234368
repeated_punctuation_count,0.731908012935681,1.1127944482455283,0.3085159899389148,0.38334473658488905,0.1636838291333203
forum_abbreviation_count,0.1433704635285663,0.6953376991496433,0.09784405318002155,0.3858860326458802,0.602589000196547
