seed,experiment,max_reports_per_author,n_reports_after_cap,n_train,n_test,n_test_authors,f1,balanced_accuracy,roc_auc,accuracy
2000,baseline,10,13912,11425,2487,738,0.8428184281842819,0.885298115273084,0.9380982985488618,0.9067149175713711
2000,lexical_ablation,10,13912,11425,2487,738,0.8104395604395604,0.8604574821721255,0.9229280765576134,0.8890229191797346
2001,baseline,10,13912,11148,2764,738,0.8282566429034348,0.8831937172774869,0.9470929319371728,0.9041244573082489
2001,lexical_ablation,10,13912,11148,2764,738,0.792332268370607,0.8605091623036649,0.9289502617801049,0.8824167872648335
2002,baseline,10,13912,11014,2898,738,0.8291316526610645,0.8711827244317196,0.9390628638367655,0.8947550034506556
2002,lexical_ablation,10,13912,11014,2898,738,0.800910125142207,0.8492819186855278,0.919579516860557,0.8792270531400966
2003,baseline,10,13912,11113,2799,738,0.8226319135410044,0.8747939661469564,0.9417680124820997,0.9003215434083601
2003,lexical_ablation,10,13912,11113,2799,738,0.783109404990403,0.846494564226614,0.9221490635282048,0.8788853161843515
2004,baseline,10,13912,11061,2851,738,0.8377270064440538,0.8867072473829747,0.9482675564434434,0.9028411083830234
2004,lexical_ablation,10,13912,11061,2851,738,0.7995337995337995,0.8600602866271367,0.928128328102825,0.8793405822518414
2005,baseline,10,13912,11175,2737,738,0.8452599388379205,0.8822488958852595,0.9533841819556106,0.907563025210084
2005,lexical_ablation,10,13912,11175,2737,738,0.8192918192918193,0.8643578643578644,0.9342253705890069,0.8918523931311655
2006,baseline,10,13912,11283,2629,738,0.8603213844252163,0.8951832826829464,0.9487709437108357,0.9140357550399392
2006,lexical_ablation,10,13912,11283,2629,738,0.8211432083589428,0.8679436839415862,0.9312689938950595,0.8893115252947889
2007,baseline,10,13912,11081,2831,738,0.836093660765277,0.881475898334794,0.9489640666082384,0.8986223949134582
2007,lexical_ablation,10,13912,11081,2831,738,0.8006872852233677,0.8554612912649722,0.9319316389132339,0.8770752384316496
2008,baseline,10,13912,11205,2707,738,0.8430884184308842,0.8919267912238149,0.9509816859291244,0.9069080162541558
2008,lexical_ablation,10,13912,11205,2707,738,0.8134747348721147,0.870382882585665,0.9340882158099073,0.8895456224602881
2009,baseline,10,13912,11003,2909,738,0.8335315101070154,0.8797742916965072,0.9424353734359391,0.903746992093503
2009,lexical_ablation,10,13912,11003,2909,738,0.7867298578199052,0.8476289338156472,0.9224925987929989,0.8762461326916466
