seed,experiment,n_train,n_test,n_train_authors,n_test_authors,f1,balanced_accuracy,roc_auc,accuracy
1000,baseline,30782,7279,2951,738,0.8700541441066223,0.904258844839912,0.9599848559638078,0.9142739387278472
1000,lexical_ablation,30782,7279,2951,738,0.8379746835443038,0.8784931307186207,0.9434906678002714,0.8944910015111966
1001,baseline,31723,6338,2951,738,0.7681426814268143,0.8358562313497439,0.9060153123058592,0.8810350268223415
1001,lexical_ablation,31723,6338,2951,738,0.7233912778286062,0.8075355946185419,0.8859799722983226,0.8568949195329757
1002,baseline,32379,5682,2951,738,0.8548034934497817,0.8958871186173367,0.9554180709411466,0.9063709961281239
1002,lexical_ablation,32379,5682,2951,738,0.8207391064533922,0.8691324755116245,0.9396067688601348,0.8856036606828581
1003,baseline,30345,7716,2951,738,0.8721272834413671,0.9036702095119433,0.9616722446005829,0.9156298600311042
1003,lexical_ablation,30345,7716,2951,738,0.828486646884273,0.8703093409022116,0.9389598488063925,0.8876360808709176
1004,baseline,29597,8464,2951,738,0.8345323741007195,0.8884033817479152,0.9563470851109777,0.907608695652174
1004,lexical_ablation,29597,8464,2951,738,0.7915878023133543,0.859403444406029,0.9378529414068313,0.8829158790170132
1005,baseline,32065,5996,2951,738,0.8259132420091324,0.8749214149048292,0.9333186494048928,0.8982655103402268
1005,lexical_ablation,32065,5996,2951,738,0.794250281848929,0.8544813330225369,0.9213073831674837,0.8782521681120747
1006,baseline,31568,6493,2951,738,0.8537708693149108,0.9122704695966286,0.9670931249028151,0.9217618974279994
1006,lexical_ablation,31568,6493,2951,738,0.811642877134061,0.8886777543648405,0.9502878910813322,0.8963499152933929
1007,baseline,30927,7134,2951,738,0.8565164433617539,0.8988761698821344,0.9490307238212294,0.9174376226520886
1007,lexical_ablation,30927,7134,2951,738,0.8228460793804453,0.8764016747302394,0.9331426823269064,0.8973927670311186
1008,baseline,31070,6991,2951,738,0.8505034856700232,0.8937169650209518,0.9460384392278081,0.9171792304391361
1008,lexical_ablation,31070,6991,2951,738,0.8149106911726637,0.8688333353615745,0.9333914424445986,0.8977256472607639
1009,baseline,29817,8244,2951,738,0.828838174273859,0.8988719766751577,0.9610992104232996,0.9199417758369723
1009,lexical_ablation,29817,8244,2951,738,0.7855310415597743,0.8722991698859228,0.944806017945546,0.898592916060165
1010,baseline,31266,6795,2951,738,0.8241509433962264,0.8721489919315971,0.9300089943734898,0.897130242825607
1010,lexical_ablation,31266,6795,2951,738,0.7761642463695543,0.8391710562346306,0.9101317191690849,0.8684326710816777
1011,baseline,32050,6011,2951,738,0.8630295995356936,0.9052723685271724,0.9609842176395624,0.921477291632008
1011,lexical_ablation,32050,6011,2951,738,0.821283979178716,0.8765349845174335,0.9425197330421566,0.8971884877724172
1012,baseline,30835,7226,2951,738,0.8506474820143884,0.9061485142636625,0.9653782298385558,0.9281760309991697
1012,lexical_ablation,30835,7226,2951,738,0.8047740835464621,0.8784114474002265,0.9457688213766224,0.904926653750346
1013,baseline,30585,7476,2951,738,0.8295165394402035,0.8895989256644994,0.9525350995608608,0.9103798822899947
1013,lexical_ablation,30585,7476,2951,738,0.7830260166708765,0.8590016540836214,0.9326474462305844,0.8850989834135902
1014,baseline,30847,7214,2951,738,0.849700442823652,0.8986027416826996,0.9604031556734729,0.9200166343221514
1014,lexical_ablation,30847,7214,2951,738,0.8090241343126967,0.8694818328601033,0.9400475899991951,0.8990851122816745
1015,baseline,30775,7286,2951,738,0.8654314968308142,0.9102071762436403,0.9635792192018289,0.9242382651660719
1015,lexical_ablation,30775,7286,2951,738,0.8204633204633205,0.880533818668612,0.9440595469535559,0.8978863573977491
1016,baseline,29551,8510,2951,738,0.8263069139966274,0.878618714554108,0.9532915080027973,0.9031727379553467
1016,lexical_ablation,29551,8510,2951,738,0.7801242236024845,0.8494477181998146,0.9275972097081462,0.8752056404230317
1017,baseline,29390,8671,2951,738,0.8292917166866747,0.8872227330338351,0.9556617461312389,0.918002537192942
1017,lexical_ablation,29390,8671,2951,738,0.7747278750591576,0.8541848939052773,0.9308812191920538,0.8902087417829547
1018,baseline,29813,8248,2951,738,0.8616980407222435,0.8936290797171798,0.9502931122153111,0.9127061105722599
1018,lexical_ablation,29813,8248,2951,738,0.8223252220934724,0.864585123153979,0.932720474134228,0.8884578079534433
1019,baseline,30423,7638,2951,738,0.8971074380165289,0.9266139270714013,0.9697091765304823,0.9347996857816182
1019,lexical_ablation,30423,7638,2951,738,0.8579132959966812,0.8971372661321115,0.9548207808323788,0.9103168368682901
1020,baseline,28673,9388,2951,738,0.8715797154323239,0.9109136446799911,0.9676179603108637,0.9250106518960375
1020,lexical_ablation,28673,9388,2951,738,0.8345428156748912,0.885644143316402,0.952518776039952,0.9028547081380486
1021,baseline,28748,9313,2951,738,0.8379544054220579,0.8917139711218078,0.9557190924448796,0.9152797165252873
1021,lexical_ablation,28748,9313,2951,738,0.7960808328230251,0.8644208647347894,0.9361680226917548,0.8927305916460861
1022,baseline,31492,6569,2951,738,0.8198653198653199,0.8712145851840705,0.9353501253704654,0.9022682295630994
1022,lexical_ablation,31492,6569,2951,738,0.790273556231003,0.8536518554528351,0.9178352460795579,0.8844572994367483
1023,baseline,30785,7276,2951,738,0.8321013727560718,0.8890687403567241,0.9548410047522063,0.9125893347993403
1023,lexical_ablation,30785,7276,2951,738,0.7960856916159746,0.8642105782879714,0.9362155156452507,0.8940351841671248
1024,baseline,30503,7558,2951,738,0.8470532092579337,0.8932127290675835,0.9611699683910089,0.9151892034929876
1024,lexical_ablation,30503,7558,2951,738,0.8059061681352703,0.8651458935500648,0.9406398101787364,0.8921672400105848
1025,baseline,30195,7866,2951,738,0.8587641866330391,0.900601424024331,0.9509928306254503,0.9145690312738368
1025,lexical_ablation,30195,7866,2951,738,0.8201469045120672,0.8730277293799675,0.9376692298694183,0.8910500889905925
1026,baseline,30716,7345,2951,738,0.8421052631578947,0.9062002595791085,0.9666147263617966,0.9285228046289993
1026,lexical_ablation,30716,7345,2951,738,0.7989179440937781,0.8778613433650924,0.9478255929101376,0.9089176310415249
1027,baseline,31241,6820,2951,738,0.8761609907120743,0.9198553891488647,0.972146414570776,0.9296187683284457
1027,lexical_ablation,31241,6820,2951,738,0.8382466034350167,0.8942707761691429,0.9571839743608311,0.9074780058651026
1028,baseline,31005,7056,2951,738,0.827043171327722,0.8823791857894747,0.9337331533865827,0.9097222222222222
1028,lexical_ablation,31005,7056,2951,738,0.7764326069410815,0.8497702143764699,0.9129607409702568,0.8822278911564626
1029,baseline,30944,7117,2951,738,0.8419640461497183,0.9024771837104208,0.9577189440503446,0.9172404102852325
1029,lexical_ablation,30944,7117,2951,738,0.7982992293382939,0.8741630994811347,0.9407081273692794,0.893353941267388
