direction,feature,coefficient,training_document_frequency,training_author_support
positive,lucid,14.765345659220419,11391,1764
positive,lucidity,9.263113484145427,2374,720
positive,dreaming,8.729363825104423,5500,1478
positive,dild,8.323215488041443,996,207
positive,became,6.555143635566087,2311,831
positive,ld,6.049294323694415,1295,423
positive,fly,5.6560394450807525,2907,875
positive,flew,4.444339367322466,1437,562
positive,flying,4.413715503622132,3160,928
positive,task,4.30611908834786,1074,300
positive,myself,4.141735247955562,8588,1676
positive,hands,3.9870227254509505,4240,1097
positive,dream,3.8804403113313657,22528,2680
positive,dc,3.590603778722308,1439,410
positive,control,3.577156201454536,2356,866
positive,realized,3.4949526689586516,2849,922
positive,wild,3.4345939635388256,1781,603
positive,stabilize,3.2882311208819566,695,321
positive,wake,3.2695868872558713,5454,1261
positive,nose,3.166136582375543,1319,530
positive,try,3.1649716512394397,6693,1374
positive,rc,3.1328918069272405,1269,493
positive,fingers,3.073246507339064,1227,521
positive,become,3.0622124866006843,2588,772
positive,summon,3.055208459525532,662,258
negative,non,-4.711783634064058,5055,678
negative,fragment,-3.961988743639315,2042,465
negative,we,-3.5129749295661163,17327,2185
negative,he,-2.787837505495739,15850,2100
negative,notes,-2.748876743283957,1680,340
negative,recall,-2.733317665172221,4362,897
negative,apparently,-2.171199008869214,2951,673
negative,game,-2.1482265396396762,3733,930
negative,friend,-2.080373528770507,5623,1447
negative,they,-2.0448666889042935,15617,2107
negative,home,-2.0172640719367143,4306,1075
negative,date,-1.9754628388118796,1258,277
negative,dreams,-1.850524506616182,7042,1592
negative,fragments,-1.7978850918065492,1193,407
negative,someone,-1.765897216880903,7530,1400
negative,watching,-1.7645342622773594,3330,892
negative,some,-1.6974041569768665,20653,2325
negative,people,-1.6598061819565093,11731,1855
negative,missed,-1.6250078188440098,788,367
negative,huge,-1.5902352758790266,3739,908
negative,family,-1.5468892862193515,2861,866
negative,others,-1.5276826396487087,2019,671
negative,playing,-1.5211341861195682,4154,996
negative,sort,-1.4354026451263917,4919,1002
negative,small,-1.4282183647959232,5990,1228
