measure,value
n_reports_total,57778
n_reports_binary_labeled,38061
n_reports_excluded_unlabeled_or_missing_text,19717
n_unique_authors_all_reports,5036
n_unique_authors_binary_labeled,3689
source_doi,10.5281/zenodo.19161757
source_license,CC BY-NC 4.0
label_count_nonlucid,27830
label_count_unspecified,15606
label_count_lucid,10231
label_count_ambiguous,4111
binary_class_count_nonlucid,27830
binary_class_count_lucid,10231
missing_post_id,0
missing_user_id,0
missing_nth_post,0
missing_timestamp,0
missing_title,1
missing_tags,29453
missing_categories,0
missing_lucidity,0
missing_nightmare,0
missing_wordcount,0
missing_post_text,0
report_length_words_p0,44.0
report_length_words_p25,159.0
report_length_words_p50,289.0
report_length_words_p75,490.0
report_length_words_p90,714.0
report_length_words_p95,837.0
report_length_words_p99,972.0
report_length_words_p100,1221.0
reports_per_author_p0,1.0
reports_per_author_p25,1.0
reports_per_author_p50,2.0
reports_per_author_p75,7.0
reports_per_author_p90,21.0
reports_per_author_p95,45.25
reports_per_author_p99,164.64999999999964
reports_per_author_p100,1000.0
