split,length_bin,label,available_reports,matched_reports,matched_mean_word_count
train,0,nonlucid,5050,1114,99.94973070017953
train,0,lucid,1114,1114,100.80251346499102
train,1,nonlucid,4717,1422,189.29817158931084
train,1,lucid,1422,1422,189.126582278481
train,2,nonlucid,4478,1649,293.97453001819287
train,2,lucid,1649,1649,297.4057004244997
train,3,nonlucid,4217,1936,443.0387396694215
train,3,lucid,1936,1936,447.6038223140496
train,4,nonlucid,3804,2323,728.7034007748601
train,4,lucid,2323,2323,741.896685320706
test,0,nonlucid,1208,249,98.3132530120482
test,0,lucid,249,249,100.81927710843374
test,1,nonlucid,1130,332,188.210843373494
test,1,lucid,332,332,188.81626506024097
test,2,nonlucid,1123,365,296.83561643835617
test,2,lucid,365,365,297.4164383561644
test,3,nonlucid,1051,385,442.0883116883117
test,3,lucid,385,385,444.00519480519483
test,4,nonlucid,1052,456,736.1381578947369
test,4,lucid,456,456,743.5921052631579
